axis,point,output,cell,golden,mvp,match,abs_diff,rel_diff,note
country_name,country_name=Borvelia,output_baseline[year=1],B12,61.289855,61.289855,True,0.000e+00,0.000e+00,
country_name,country_name=Borvelia,output_baseline[year=2],C12,62.085941,62.085941,True,0.000e+00,0.000e+00,
country_name,country_name=Borvelia,output_baseline[year=3],D12,62.385873,62.385873,True,0.000e+00,0.000e+00,
country_name,country_name=Borvelia,output_baseline[year=4],E12,62.187254,62.187254,True,0.000e+00,0.000e+00,
country_name,country_name=Borvelia,output_baseline[year=5],F12,61.487676,61.487676,True,0.000e+00,0.000e+00,
country_name,country_name=Borvelia,output_shocked[year=1],B13,61.289855,61.289855,True,0.000e+00,0.000e+00,
country_name,country_name=Borvelia,output_shocked[year=2],C13,63.299457,63.299457,True,0.000e+00,0.000e+00,
country_name,country_name=Borvelia,output_shocked[year=3],D13,64.858557,64.858557,True,0.000e+00,0.000e+00,
country_name,country_name=Borvelia,output_shocked[year=4],E13,65.956059,65.956059,True,0.000e+00,0.000e+00,
country_name,country_name=Borvelia,output_shocked[year=5],F13,66.580592,66.580592,True,0.000e+00,0.000e+00,
country_name,country_name=Borvelia,output_delta[year=1],B14,0.000000,0.000000,True,0.000e+00,0.000e+00,
country_name,country_name=Borvelia,output_delta[year=2],C14,1.213516,1.213516,True,0.000e+00,0.000e+00,
country_name,country_name=Borvelia,output_delta[year=3],D14,2.472684,2.472684,True,0.000e+00,0.000e+00,
country_name,country_name=Borvelia,output_delta[year=4],E14,3.768804,3.768804,True,0.000e+00,0.000e+00,
country_name,country_name=Borvelia,output_delta[year=5],F14,5.092916,5.092916,True,0.000e+00,0.000e+00,
country_name,country_name=Litellia,output_baseline[year=1],B12,81.386473,81.386473,True,0.000e+00,0.000e+00,
country_name,country_name=Litellia,output_baseline[year=2],C12,82.279645,82.279645,True,0.000e+00,0.000e+00,
country_name,country_name=Litellia,output_baseline[year=3],D12,82.677131,82.677131,True,0.000e+00,0.000e+00,
country_name,country_name=Litellia,output_baseline[year=4],E12,82.576537,82.576537,True,0.000e+00,0.000e+00,
country_name,country_name=Litellia,output_baseline[year=5],F12,81.975458,81.975458,True,0.000e+00,0.000e+00,
country_name,country_name=Litellia,output_shocked[year=1],B13,81.386473,81.386473,True,0.000e+00,0.000e+00,
country_name,country_name=Litellia,output_shocked[year=2],C13,83.891066,83.891066,True,0.000e+00,0.000e+00,
country_name,country_name=Litellia,output_shocked[year=3],D13,85.957349,85.957349,True,0.000e+00,0.000e+00,
country_name,country_name=Litellia,output_shocked[year=4],E13,87.574525,87.574525,True,0.000e+00,0.000e+00,
country_name,country_name=Litellia,output_shocked[year=5],F13,88.731533,88.731533,True,0.000e+00,0.000e+00,
country_name,country_name=Litellia,output_delta[year=1],B14,0.000000,0.000000,True,0.000e+00,0.000e+00,
country_name,country_name=Litellia,output_delta[year=2],C14,1.611422,1.611422,True,0.000e+00,0.000e+00,
country_name,country_name=Litellia,output_delta[year=3],D14,3.280218,3.280218,True,0.000e+00,0.000e+00,
country_name,country_name=Litellia,output_delta[year=4],E14,4.997987,4.997987,True,0.000e+00,0.000e+00,
country_name,country_name=Litellia,output_delta[year=5],F14,6.756075,6.756075,True,0.000e+00,0.000e+00,
country_name,country_name=Aurelium,output_baseline[year=1],B12,41.193237,41.193237,True,0.000e+00,0.000e+00,
country_name,country_name=Aurelium,output_baseline[year=2],C12,41.892238,41.892238,True,0.000e+00,0.000e+00,
country_name,country_name=Aurelium,output_baseline[year=3],D12,42.094616,42.094616,True,0.000e+00,0.000e+00,
country_name,country_name=Aurelium,output_baseline[year=4],E12,41.797971,41.797971,True,0.000e+00,0.000e+00,
country_name,country_name=Aurelium,output_baseline[year=5],F12,40.999894,40.999894,True,0.000e+00,0.000e+00,
country_name,country_name=Aurelium,output_shocked[year=1],B13,41.193237,41.193237,True,0.000e+00,0.000e+00,
country_name,country_name=Aurelium,output_shocked[year=2],C13,42.707848,42.707848,True,0.000e+00,0.000e+00,
country_name,country_name=Aurelium,output_shocked[year=3],D13,43.759766,43.759766,True,0.000e+00,0.000e+00,
country_name,country_name=Aurelium,output_shocked[year=4],E13,44.337593,44.337593,True,0.000e+00,0.000e+00,
country_name,country_name=Aurelium,output_shocked[year=5],F13,44.429652,44.429652,True,0.000e+00,0.000e+00,
country_name,country_name=Aurelium,output_delta[year=1],B14,0.000000,0.000000,True,0.000e+00,0.000e+00,
country_name,country_name=Aurelium,output_delta[year=2],C14,0.815611,0.815611,True,0.000e+00,0.000e+00,
country_name,country_name=Aurelium,output_delta[year=3],D14,1.665150,1.665150,True,0.000e+00,0.000e+00,
country_name,country_name=Aurelium,output_delta[year=4],E14,2.539621,2.539621,True,0.000e+00,0.000e+00,
country_name,country_name=Aurelium,output_delta[year=5],F14,3.429758,3.429758,True,0.000e+00,0.000e+00,
shock_year,shock_year=1,output_baseline[year=1],B12,61.289855,61.289855,True,0.000e+00,0.000e+00,
shock_year,shock_year=1,output_baseline[year=2],C12,62.085941,62.085941,True,0.000e+00,0.000e+00,
shock_year,shock_year=1,output_baseline[year=3],D12,62.385873,62.385873,True,0.000e+00,0.000e+00,
shock_year,shock_year=1,output_baseline[year=4],E12,62.187254,62.187254,True,0.000e+00,0.000e+00,
shock_year,shock_year=1,output_baseline[year=5],F12,61.487676,61.487676,True,0.000e+00,0.000e+00,
shock_year,shock_year=1,output_shocked[year=1],B13,62.477833,62.477833,True,0.000e+00,0.000e+00,
shock_year,shock_year=1,output_shocked[year=2],C13,64.516695,64.516695,True,0.000e+00,0.000e+00,
shock_year,shock_year=1,output_shocked[year=3],D13,66.105777,66.105777,True,0.000e+00,0.000e+00,
shock_year,shock_year=1,output_shocked[year=4],E13,67.233998,67.233998,True,0.000e+00,0.000e+00,
shock_year,shock_year=1,output_shocked[year=5],F13,67.890007,67.890007,True,0.000e+00,0.000e+00,
shock_year,shock_year=1,output_delta[year=1],B14,1.187977,1.187977,True,0.000e+00,0.000e+00,
shock_year,shock_year=1,output_delta[year=2],C14,2.430754,2.430754,True,0.000e+00,0.000e+00,
shock_year,shock_year=1,output_delta[year=3],D14,3.719903,3.719903,True,0.000e+00,0.000e+00,
shock_year,shock_year=1,output_delta[year=4],E14,5.046743,5.046743,True,0.000e+00,0.000e+00,
shock_year,shock_year=1,output_delta[year=5],F14,6.402331,6.402331,True,0.000e+00,0.000e+00,
shock_year,shock_year=2,output_baseline[year=1],B12,61.289855,61.289855,True,0.000e+00,0.000e+00,
shock_year,shock_year=2,output_baseline[year=2],C12,62.085941,62.085941,True,0.000e+00,0.000e+00,
shock_year,shock_year=2,output_baseline[year=3],D12,62.385873,62.385873,True,0.000e+00,0.000e+00,
shock_year,shock_year=2,output_baseline[year=4],E12,62.187254,62.187254,True,0.000e+00,0.000e+00,
shock_year,shock_year=2,output_baseline[year=5],F12,61.487676,61.487676,True,0.000e+00,0.000e+00,
shock_year,shock_year=2,output_shocked[year=1],B13,61.289855,61.289855,True,0.000e+00,0.000e+00,
shock_year,shock_year=2,output_shocked[year=2],C13,63.299457,63.299457,True,0.000e+00,0.000e+00,
shock_year,shock_year=2,output_shocked[year=3],D13,64.858557,64.858557,True,0.000e+00,0.000e+00,
shock_year,shock_year=2,output_shocked[year=4],E13,65.956059,65.956059,True,0.000e+00,0.000e+00,
shock_year,shock_year=2,output_shocked[year=5],F13,66.580592,66.580592,True,0.000e+00,0.000e+00,
shock_year,shock_year=2,output_delta[year=1],B14,0.000000,0.000000,True,0.000e+00,0.000e+00,
shock_year,shock_year=2,output_delta[year=2],C14,1.213516,1.213516,True,0.000e+00,0.000e+00,
shock_year,shock_year=2,output_delta[year=3],D14,2.472684,2.472684,True,0.000e+00,0.000e+00,
shock_year,shock_year=2,output_delta[year=4],E14,3.768804,3.768804,True,0.000e+00,0.000e+00,
shock_year,shock_year=2,output_delta[year=5],F14,5.092916,5.092916,True,0.000e+00,0.000e+00,
shock_year,shock_year=3,output_baseline[year=1],B12,61.289855,61.289855,True,0.000e+00,0.000e+00,
shock_year,shock_year=3,output_baseline[year=2],C12,62.085941,62.085941,True,0.000e+00,0.000e+00,
shock_year,shock_year=3,output_baseline[year=3],D12,62.385873,62.385873,True,0.000e+00,0.000e+00,
shock_year,shock_year=3,output_baseline[year=4],E12,62.187254,62.187254,True,0.000e+00,0.000e+00,
shock_year,shock_year=3,output_baseline[year=5],F12,61.487676,61.487676,True,0.000e+00,0.000e+00,
shock_year,shock_year=3,output_shocked[year=1],B13,61.289855,61.289855,True,0.000e+00,0.000e+00,
shock_year,shock_year=3,output_shocked[year=2],C13,62.085941,62.085941,True,0.000e+00,0.000e+00,
shock_year,shock_year=3,output_shocked[year=3],D13,63.615152,63.615152,True,0.000e+00,0.000e+00,
shock_year,shock_year=3,output_shocked[year=4],E13,64.682027,64.682027,True,0.000e+00,0.000e+00,
shock_year,shock_year=3,output_shocked[year=5],F13,65.275181,65.275181,True,0.000e+00,0.000e+00,
shock_year,shock_year=3,output_delta[year=1],B14,0.000000,0.000000,True,0.000e+00,0.000e+00,
shock_year,shock_year=3,output_delta[year=2],C14,0.000000,0.000000,True,0.000e+00,0.000e+00,
shock_year,shock_year=3,output_delta[year=3],D14,1.229278,1.229278,True,0.000e+00,0.000e+00,
shock_year,shock_year=3,output_delta[year=4],E14,2.494773,2.494773,True,0.000e+00,0.000e+00,
shock_year,shock_year=3,output_delta[year=5],F14,3.787505,3.787505,True,0.000e+00,0.000e+00,
shock_year,shock_year=4,output_baseline[year=1],B12,61.289855,61.289855,True,0.000e+00,0.000e+00,
shock_year,shock_year=4,output_baseline[year=2],C12,62.085941,62.085941,True,0.000e+00,0.000e+00,
shock_year,shock_year=4,output_baseline[year=3],D12,62.385873,62.385873,True,0.000e+00,0.000e+00,
shock_year,shock_year=4,output_baseline[year=4],E12,62.187254,62.187254,True,0.000e+00,0.000e+00,
shock_year,shock_year=4,output_baseline[year=5],F12,61.487676,61.487676,True,0.000e+00,0.000e+00,
shock_year,shock_year=4,output_shocked[year=1],B13,61.289855,61.289855,True,0.000e+00,0.000e+00,
shock_year,shock_year=4,output_shocked[year=2],C13,62.085941,62.085941,True,0.000e+00,0.000e+00,
shock_year,shock_year=4,output_shocked[year=3],D13,62.385873,62.385873,True,0.000e+00,0.000e+00,
shock_year,shock_year=4,output_shocked[year=4],E13,63.422471,63.422471,True,0.000e+00,0.000e+00,
shock_year,shock_year=4,output_shocked[year=5],F13,63.984601,63.984601,True,0.000e+00,0.000e+00,
shock_year,shock_year=4,output_delta[year=1],B14,0.000000,0.000000,True,0.000e+00,0.000e+00,
shock_year,shock_year=4,output_delta[year=2],C14,0.000000,0.000000,True,0.000e+00,0.000e+00,
shock_year,shock_year=4,output_delta[year=3],D14,0.000000,0.000000,True,0.000e+00,0.000e+00,
shock_year,shock_year=4,output_delta[year=4],E14,1.235217,1.235217,True,0.000e+00,0.000e+00,
shock_year,shock_year=4,output_delta[year=5],F14,2.496925,2.496925,True,0.000e+00,0.000e+00,
shock_year,shock_year=5,output_baseline[year=1],B12,61.289855,61.289855,True,0.000e+00,0.000e+00,
shock_year,shock_year=5,output_baseline[year=2],C12,62.085941,62.085941,True,0.000e+00,0.000e+00,
shock_year,shock_year=5,output_baseline[year=3],D12,62.385873,62.385873,True,0.000e+00,0.000e+00,
shock_year,shock_year=5,output_baseline[year=4],E12,62.187254,62.187254,True,0.000e+00,0.000e+00,
shock_year,shock_year=5,output_baseline[year=5],F12,61.487676,61.487676,True,0.000e+00,0.000e+00,
shock_year,shock_year=5,output_shocked[year=1],B13,61.289855,61.289855,True,0.000e+00,0.000e+00,
shock_year,shock_year=5,output_shocked[year=2],C13,62.085941,62.085941,True,0.000e+00,0.000e+00,
shock_year,shock_year=5,output_shocked[year=3],D13,62.385873,62.385873,True,0.000e+00,0.000e+00,
shock_year,shock_year=5,output_shocked[year=4],E13,62.187254,62.187254,True,0.000e+00,0.000e+00,
shock_year,shock_year=5,output_shocked[year=5],F13,62.718960,62.718960,True,0.000e+00,0.000e+00,
shock_year,shock_year=5,output_delta[year=1],B14,0.000000,0.000000,True,0.000e+00,0.000e+00,
shock_year,shock_year=5,output_delta[year=2],C14,0.000000,0.000000,True,0.000e+00,0.000e+00,
shock_year,shock_year=5,output_delta[year=3],D14,0.000000,0.000000,True,0.000e+00,0.000e+00,
shock_year,shock_year=5,output_delta[year=4],E14,0.000000,0.000000,True,0.000e+00,0.000e+00,
shock_year,shock_year=5,output_delta[year=5],F14,1.231284,1.231284,True,0.000e+00,0.000e+00,
shock_type,shock_type=1,output_baseline[year=1],B12,61.289855,61.289855,True,0.000e+00,0.000e+00,
shock_type,shock_type=1,output_baseline[year=2],C12,62.085941,62.085941,True,0.000e+00,0.000e+00,
shock_type,shock_type=1,output_baseline[year=3],D12,62.385873,62.385873,True,0.000e+00,0.000e+00,
shock_type,shock_type=1,output_baseline[year=4],E12,62.187254,62.187254,True,0.000e+00,0.000e+00,
shock_type,shock_type=1,output_baseline[year=5],F12,61.487676,61.487676,True,0.000e+00,0.000e+00,
shock_type,shock_type=1,output_shocked[year=1],B13,61.289855,61.289855,True,0.000e+00,0.000e+00,
shock_type,shock_type=1,output_shocked[year=2],C13,63.299457,63.299457,True,0.000e+00,0.000e+00,
shock_type,shock_type=1,output_shocked[year=3],D13,64.858557,64.858557,True,0.000e+00,0.000e+00,
shock_type,shock_type=1,output_shocked[year=4],E13,65.956059,65.956059,True,0.000e+00,0.000e+00,
shock_type,shock_type=1,output_shocked[year=5],F13,66.580592,66.580592,True,0.000e+00,0.000e+00,
shock_type,shock_type=1,output_delta[year=1],B14,0.000000,0.000000,True,0.000e+00,0.000e+00,
shock_type,shock_type=1,output_delta[year=2],C14,1.213516,1.213516,True,0.000e+00,0.000e+00,
shock_type,shock_type=1,output_delta[year=3],D14,2.472684,2.472684,True,0.000e+00,0.000e+00,
shock_type,shock_type=1,output_delta[year=4],E14,3.768804,3.768804,True,0.000e+00,0.000e+00,
shock_type,shock_type=1,output_delta[year=5],F14,5.092916,5.092916,True,0.000e+00,0.000e+00,
shock_type,shock_type=2,output_baseline[year=1],B12,61.289855,61.289855,True,0.000e+00,0.000e+00,
shock_type,shock_type=2,output_baseline[year=2],C12,62.085941,62.085941,True,0.000e+00,0.000e+00,
shock_type,shock_type=2,output_baseline[year=3],D12,62.385873,62.385873,True,0.000e+00,0.000e+00,
shock_type,shock_type=2,output_baseline[year=4],E12,62.187254,62.187254,True,0.000e+00,0.000e+00,
shock_type,shock_type=2,output_baseline[year=5],F12,61.487676,61.487676,True,0.000e+00,0.000e+00,
shock_type,shock_type=2,output_shocked[year=1],B13,61.289855,61.289855,True,0.000e+00,0.000e+00,
shock_type,shock_type=2,output_shocked[year=2],C13,63.270286,63.270286,True,0.000e+00,0.000e+00,
shock_type,shock_type=2,output_shocked[year=3],D13,64.798554,64.798554,True,0.000e+00,0.000e+00,
shock_type,shock_type=2,output_shocked[year=4],E13,65.863737,65.863737,True,0.000e+00,0.000e+00,
shock_type,shock_type=2,output_shocked[year=5],F13,66.454648,66.454648,True,0.000e+00,0.000e+00,
shock_type,shock_type=2,output_delta[year=1],B14,0.000000,0.000000,True,0.000e+00,0.000e+00,
shock_type,shock_type=2,output_delta[year=2],C14,1.184345,1.184345,True,0.000e+00,0.000e+00,
shock_type,shock_type=2,output_delta[year=3],D14,2.412681,2.412681,True,0.000e+00,0.000e+00,
shock_type,shock_type=2,output_delta[year=4],E14,3.676482,3.676482,True,0.000e+00,0.000e+00,
shock_type,shock_type=2,output_delta[year=5],F14,4.966972,4.966972,True,0.000e+00,0.000e+00,
shock_type,shock_type=3,output_baseline[year=1],B12,61.289855,61.289855,True,0.000e+00,0.000e+00,
shock_type,shock_type=3,output_baseline[year=2],C12,62.085941,62.085941,True,0.000e+00,0.000e+00,
shock_type,shock_type=3,output_baseline[year=3],D12,62.385873,62.385873,True,0.000e+00,0.000e+00,
shock_type,shock_type=3,output_baseline[year=4],E12,62.187254,62.187254,True,0.000e+00,0.000e+00,
shock_type,shock_type=3,output_baseline[year=5],F12,61.487676,61.487676,True,0.000e+00,0.000e+00,
shock_type,shock_type=3,output_shocked[year=1],B13,61.289855,61.289855,True,0.000e+00,0.000e+00,
shock_type,shock_type=3,output_shocked[year=2],C13,63.085941,63.085941,True,0.000e+00,0.000e+00,
shock_type,shock_type=3,output_shocked[year=3],D13,64.390704,64.390704,True,0.000e+00,0.000e+00,
shock_type,shock_type=3,output_shocked[year=4],E13,65.201771,65.201771,True,0.000e+00,0.000e+00,
shock_type,shock_type=3,output_shocked[year=5],F13,65.516755,65.516755,True,0.000e+00,0.000e+00,
shock_type,shock_type=3,output_delta[year=1],B14,0.000000,0.000000,True,0.000e+00,0.000e+00,
shock_type,shock_type=3,output_delta[year=2],C14,1.000000,1.000000,True,0.000e+00,0.000e+00,
shock_type,shock_type=3,output_delta[year=3],D14,2.004831,2.004831,True,0.000e+00,0.000e+00,
shock_type,shock_type=3,output_delta[year=4],E14,3.014516,3.014516,True,0.000e+00,0.000e+00,
shock_type,shock_type=3,output_delta[year=5],F14,4.029079,4.029079,True,0.000e+00,0.000e+00,
shock_table[growth],shock_table[growth]=-3.0,output_baseline[year=1],B12,61.289855,61.289855,True,0.000e+00,0.000e+00,
shock_table[growth],shock_table[growth]=-3.0,output_baseline[year=2],C12,62.085941,62.085941,True,0.000e+00,0.000e+00,
shock_table[growth],shock_table[growth]=-3.0,output_baseline[year=3],D12,62.385873,62.385873,True,0.000e+00,0.000e+00,
shock_table[growth],shock_table[growth]=-3.0,output_baseline[year=4],E12,62.187254,62.187254,True,0.000e+00,0.000e+00,
shock_table[growth],shock_table[growth]=-3.0,output_baseline[year=5],F12,61.487676,61.487676,True,0.000e+00,0.000e+00,
shock_table[growth],shock_table[growth]=-3.0,output_shocked[year=1],B13,61.289855,61.289855,True,0.000e+00,0.000e+00,
shock_table[growth],shock_table[growth]=-3.0,output_shocked[year=2],C13,63.924328,63.924328,True,0.000e+00,0.000e+00,
shock_table[growth],shock_table[growth]=-3.0,output_shocked[year=3],D13,66.150548,66.150548,True,0.000e+00,0.000e+00,
shock_table[growth],shock_table[growth]=-3.0,output_shocked[year=4],E13,67.954298,67.954298,True,0.000e+00,0.000e+00,
shock_table[growth],shock_table[growth]=-3.0,output_shocked[year=5],F13,69.320866,69.320866,True,0.000e+00,0.000e+00,
shock_table[growth],shock_table[growth]=-3.0,output_delta[year=1],B14,0.000000,0.000000,True,0.000e+00,0.000e+00,
shock_table[growth],shock_table[growth]=-3.0,output_delta[year=2],C14,1.838386,1.838386,True,0.000e+00,0.000e+00,
shock_table[growth],shock_table[growth]=-3.0,output_delta[year=3],D14,3.764675,3.764675,True,0.000e+00,0.000e+00,
shock_table[growth],shock_table[growth]=-3.0,output_delta[year=4],E14,5.767044,5.767044,True,0.000e+00,0.000e+00,
shock_table[growth],shock_table[growth]=-3.0,output_delta[year=5],F14,7.833190,7.833190,True,0.000e+00,0.000e+00,
shock_table[growth],shock_table[growth]=-2.0,output_baseline[year=1],B12,61.289855,61.289855,True,0.000e+00,0.000e+00,
shock_table[growth],shock_table[growth]=-2.0,output_baseline[year=2],C12,62.085941,62.085941,True,0.000e+00,0.000e+00,
shock_table[growth],shock_table[growth]=-2.0,output_baseline[year=3],D12,62.385873,62.385873,True,0.000e+00,0.000e+00,
shock_table[growth],shock_table[growth]=-2.0,output_baseline[year=4],E12,62.187254,62.187254,True,0.000e+00,0.000e+00,
shock_table[growth],shock_table[growth]=-2.0,output_baseline[year=5],F12,61.487676,61.487676,True,0.000e+00,0.000e+00,
shock_table[growth],shock_table[growth]=-2.0,output_shocked[year=1],B13,61.289855,61.289855,True,0.000e+00,0.000e+00,
shock_table[growth],shock_table[growth]=-2.0,output_shocked[year=2],C13,63.299457,63.299457,True,0.000e+00,0.000e+00,
shock_table[growth],shock_table[growth]=-2.0,output_shocked[year=3],D13,64.858557,64.858557,True,0.000e+00,0.000e+00,
shock_table[growth],shock_table[growth]=-2.0,output_shocked[year=4],E13,65.956059,65.956059,True,0.000e+00,0.000e+00,
shock_table[growth],shock_table[growth]=-2.0,output_shocked[year=5],F13,66.580592,66.580592,True,0.000e+00,0.000e+00,
shock_table[growth],shock_table[growth]=-2.0,output_delta[year=1],B14,0.000000,0.000000,True,0.000e+00,0.000e+00,
shock_table[growth],shock_table[growth]=-2.0,output_delta[year=2],C14,1.213516,1.213516,True,0.000e+00,0.000e+00,
shock_table[growth],shock_table[growth]=-2.0,output_delta[year=3],D14,2.472684,2.472684,True,0.000e+00,0.000e+00,
shock_table[growth],shock_table[growth]=-2.0,output_delta[year=4],E14,3.768804,3.768804,True,0.000e+00,0.000e+00,
shock_table[growth],shock_table[growth]=-2.0,output_delta[year=5],F14,5.092916,5.092916,True,0.000e+00,0.000e+00,
shock_table[growth],shock_table[growth]=-1.0,output_baseline[year=1],B12,61.289855,61.289855,True,0.000e+00,0.000e+00,
shock_table[growth],shock_table[growth]=-1.0,output_baseline[year=2],C12,62.085941,62.085941,True,0.000e+00,0.000e+00,
shock_table[growth],shock_table[growth]=-1.0,output_baseline[year=3],D12,62.385873,62.385873,True,0.000e+00,0.000e+00,
shock_table[growth],shock_table[growth]=-1.0,output_baseline[year=4],E12,62.187254,62.187254,True,0.000e+00,0.000e+00,
shock_table[growth],shock_table[growth]=-1.0,output_baseline[year=5],F12,61.487676,61.487676,True,0.000e+00,0.000e+00,
shock_table[growth],shock_table[growth]=-1.0,output_shocked[year=1],B13,61.289855,61.289855,True,0.000e+00,0.000e+00,
shock_table[growth],shock_table[growth]=-1.0,output_shocked[year=2],C13,62.686780,62.686780,True,0.000e+00,0.000e+00,
shock_table[growth],shock_table[growth]=-1.0,output_shocked[year=3],D13,63.604147,63.604147,True,0.000e+00,0.000e+00,
shock_table[growth],shock_table[growth]=-1.0,output_shocked[year=4],E13,64.034940,64.034940,True,0.000e+00,0.000e+00,
shock_table[growth],shock_table[growth]=-1.0,output_shocked[year=5],F13,63.972036,63.972036,True,0.000e+00,0.000e+00,
shock_table[growth],shock_table[growth]=-1.0,output_delta[year=1],B14,0.000000,0.000000,True,0.000e+00,0.000e+00,
shock_table[growth],shock_table[growth]=-1.0,output_delta[year=2],C14,0.600838,0.600838,True,0.000e+00,0.000e+00,
shock_table[growth],shock_table[growth]=-1.0,output_delta[year=3],D14,1.218274,1.218274,True,0.000e+00,0.000e+00,
shock_table[growth],shock_table[growth]=-1.0,output_delta[year=4],E14,1.847685,1.847685,True,0.000e+00,0.000e+00,
shock_table[growth],shock_table[growth]=-1.0,output_delta[year=5],F14,2.484360,2.484360,True,0.000e+00,0.000e+00,
shock_table[growth],shock_table[growth]=+0.0,output_baseline[year=1],B12,61.289855,61.289855,True,0.000e+00,0.000e+00,
shock_table[growth],shock_table[growth]=+0.0,output_baseline[year=2],C12,62.085941,62.085941,True,0.000e+00,0.000e+00,
shock_table[growth],shock_table[growth]=+0.0,output_baseline[year=3],D12,62.385873,62.385873,True,0.000e+00,0.000e+00,
shock_table[growth],shock_table[growth]=+0.0,output_baseline[year=4],E12,62.187254,62.187254,True,0.000e+00,0.000e+00,
shock_table[growth],shock_table[growth]=+0.0,output_baseline[year=5],F12,61.487676,61.487676,True,0.000e+00,0.000e+00,
shock_table[growth],shock_table[growth]=+0.0,output_shocked[year=1],B13,61.289855,61.289855,True,0.000e+00,0.000e+00,
shock_table[growth],shock_table[growth]=+0.0,output_shocked[year=2],C13,62.085941,62.085941,True,0.000e+00,0.000e+00,
shock_table[growth],shock_table[growth]=+0.0,output_shocked[year=3],D13,62.385873,62.385873,True,0.000e+00,0.000e+00,
shock_table[growth],shock_table[growth]=+0.0,output_shocked[year=4],E13,62.187254,62.187254,True,0.000e+00,0.000e+00,
shock_table[growth],shock_table[growth]=+0.0,output_shocked[year=5],F13,61.487676,61.487676,True,0.000e+00,0.000e+00,
shock_table[growth],shock_table[growth]=+0.0,output_delta[year=1],B14,0.000000,0.000000,True,0.000e+00,0.000e+00,
shock_table[growth],shock_table[growth]=+0.0,output_delta[year=2],C14,0.000000,0.000000,True,0.000e+00,0.000e+00,
shock_table[growth],shock_table[growth]=+0.0,output_delta[year=3],D14,0.000000,0.000000,True,0.000e+00,0.000e+00,
shock_table[growth],shock_table[growth]=+0.0,output_delta[year=4],E14,0.000000,0.000000,True,0.000e+00,0.000e+00,
shock_table[growth],shock_table[growth]=+0.0,output_delta[year=5],F14,0.000000,0.000000,True,0.000e+00,0.000e+00,
shock_table[growth],shock_table[growth]=+1.0,output_baseline[year=1],B12,61.289855,61.289855,True,0.000e+00,0.000e+00,
shock_table[growth],shock_table[growth]=+1.0,output_baseline[year=2],C12,62.085941,62.085941,True,0.000e+00,0.000e+00,
shock_table[growth],shock_table[growth]=+1.0,output_baseline[year=3],D12,62.385873,62.385873,True,0.000e+00,0.000e+00,
shock_table[growth],shock_table[growth]=+1.0,output_baseline[year=4],E12,62.187254,62.187254,True,0.000e+00,0.000e+00,
shock_table[growth],shock_table[growth]=+1.0,output_baseline[year=5],F12,61.487676,61.487676,True,0.000e+00,0.000e+00,
shock_table[growth],shock_table[growth]=+1.0,output_shocked[year=1],B13,61.289855,61.289855,True,0.000e+00,0.000e+00,
shock_table[growth],shock_table[growth]=+1.0,output_shocked[year=2],C13,61.496602,61.496602,True,0.000e+00,0.000e+00,
shock_table[growth],shock_table[growth]=+1.0,output_shocked[year=3],D13,61.202360,61.202360,True,0.000e+00,0.000e+00,
shock_table[growth],shock_table[growth]=+1.0,output_shocked[year=4],E13,60.409526,60.409526,True,0.000e+00,0.000e+00,
shock_table[growth],shock_table[growth]=+1.0,output_shocked[year=5],F13,59.120485,59.120485,True,0.000e+00,0.000e+00,
shock_table[growth],shock_table[growth]=+1.0,output_delta[year=1],B14,0.000000,0.000000,True,0.000e+00,0.000e+00,
shock_table[growth],shock_table[growth]=+1.0,output_delta[year=2],C14,-0.589339,-0.589339,True,0.000e+00,0.000e+00,
shock_table[growth],shock_table[growth]=+1.0,output_delta[year=3],D14,-1.183513,-1.183513,True,0.000e+00,0.000e+00,
shock_table[growth],shock_table[growth]=+1.0,output_delta[year=4],E14,-1.777729,-1.777729,True,0.000e+00,0.000e+00,
shock_table[growth],shock_table[growth]=+1.0,output_delta[year=5],F14,-2.367191,-2.367191,True,0.000e+00,0.000e+00,
growth_baseline[year=3],growth_baseline[year=3]=+0.0,output_baseline[year=1],B12,61.289855,61.289855,True,0.000e+00,0.000e+00,
growth_baseline[year=3],growth_baseline[year=3]=+0.0,output_baseline[year=2],C12,62.085941,62.085941,True,0.000e+00,0.000e+00,
growth_baseline[year=3],growth_baseline[year=3]=+0.0,output_baseline[year=3],D12,64.569379,64.569379,True,0.000e+00,0.000e+00,
growth_baseline[year=3],growth_baseline[year=3]=+0.0,output_baseline[year=4],E12,64.381308,64.381308,True,0.000e+00,0.000e+00,
growth_baseline[year=3],growth_baseline[year=3]=+0.0,output_baseline[year=5],F12,63.692329,63.692329,True,0.000e+00,0.000e+00,
growth_baseline[year=3],growth_baseline[year=3]=+0.0,output_shocked[year=1],B13,61.289855,61.289855,True,0.000e+00,0.000e+00,
growth_baseline[year=3],growth_baseline[year=3]=+0.0,output_shocked[year=2],C13,63.299457,63.299457,True,0.000e+00,0.000e+00,
growth_baseline[year=3],growth_baseline[year=3]=+0.0,output_shocked[year=3],D13,67.174934,67.174934,True,0.000e+00,0.000e+00,
growth_baseline[year=3],growth_baseline[year=3]=+0.0,output_shocked[year=4],E13,68.329489,68.329489,True,0.000e+00,0.000e+00,
growth_baseline[year=3],growth_baseline[year=3]=+0.0,output_shocked[year=5],F13,69.012482,69.012482,True,0.000e+00,0.000e+00,
growth_baseline[year=3],growth_baseline[year=3]=+0.0,output_delta[year=1],B14,0.000000,0.000000,True,0.000e+00,0.000e+00,
growth_baseline[year=3],growth_baseline[year=3]=+0.0,output_delta[year=2],C14,1.213516,1.213516,True,0.000e+00,0.000e+00,
growth_baseline[year=3],growth_baseline[year=3]=+0.0,output_delta[year=3],D14,2.605555,2.605555,True,0.000e+00,0.000e+00,
growth_baseline[year=3],growth_baseline[year=3]=+0.0,output_delta[year=4],E14,3.948181,3.948181,True,0.000e+00,0.000e+00,
growth_baseline[year=3],growth_baseline[year=3]=+0.0,output_delta[year=5],F14,5.320153,5.320153,True,0.000e+00,0.000e+00,
growth_baseline[year=3],growth_baseline[year=3]=+1.5,output_baseline[year=1],B12,61.289855,61.289855,True,0.000e+00,0.000e+00,
growth_baseline[year=3],growth_baseline[year=3]=+1.5,output_baseline[year=2],C12,62.085941,62.085941,True,0.000e+00,0.000e+00,
growth_baseline[year=3],growth_baseline[year=3]=+1.5,output_baseline[year=3],D12,63.615152,63.615152,True,0.000e+00,0.000e+00,
growth_baseline[year=3],growth_baseline[year=3]=+1.5,output_baseline[year=4],E12,63.422471,63.422471,True,0.000e+00,0.000e+00,
growth_baseline[year=3],growth_baseline[year=3]=+1.5,output_baseline[year=5],F12,62.728860,62.728860,True,0.000e+00,0.000e+00,
growth_baseline[year=3],growth_baseline[year=3]=+1.5,output_shocked[year=1],B13,61.289855,61.289855,True,0.000e+00,0.000e+00,
growth_baseline[year=3],growth_baseline[year=3]=+1.5,output_shocked[year=2],C13,63.299457,63.299457,True,0.000e+00,0.000e+00,
growth_baseline[year=3],growth_baseline[year=3]=+1.5,output_shocked[year=3],D13,66.162247,66.162247,True,0.000e+00,0.000e+00,
growth_baseline[year=3],growth_baseline[year=3]=+1.5,output_shocked[year=4],E13,67.291859,67.291859,True,0.000e+00,0.000e+00,
growth_baseline[year=3],growth_baseline[year=3]=+1.5,output_shocked[year=5],F13,67.949294,67.949294,True,0.000e+00,0.000e+00,
growth_baseline[year=3],growth_baseline[year=3]=+1.5,output_delta[year=1],B14,0.000000,0.000000,True,0.000e+00,0.000e+00,
growth_baseline[year=3],growth_baseline[year=3]=+1.5,output_delta[year=2],C14,1.213516,1.213516,True,0.000e+00,0.000e+00,
growth_baseline[year=3],growth_baseline[year=3]=+1.5,output_delta[year=3],D14,2.547095,2.547095,True,0.000e+00,0.000e+00,
growth_baseline[year=3],growth_baseline[year=3]=+1.5,output_delta[year=4],E14,3.869388,3.869388,True,0.000e+00,0.000e+00,
growth_baseline[year=3],growth_baseline[year=3]=+1.5,output_delta[year=5],F14,5.220434,5.220434,True,0.000e+00,0.000e+00,
growth_baseline[year=3],growth_baseline[year=3]=+3.5,output_baseline[year=1],B12,61.289855,61.289855,True,0.000e+00,0.000e+00,
growth_baseline[year=3],growth_baseline[year=3]=+3.5,output_baseline[year=2],C12,62.085941,62.085941,True,0.000e+00,0.000e+00,
growth_baseline[year=3],growth_baseline[year=3]=+3.5,output_baseline[year=3],D12,62.385873,62.385873,True,0.000e+00,0.000e+00,
growth_baseline[year=3],growth_baseline[year=3]=+3.5,output_baseline[year=4],E12,62.187254,62.187254,True,0.000e+00,0.000e+00,
growth_baseline[year=3],growth_baseline[year=3]=+3.5,output_baseline[year=5],F12,61.487676,61.487676,True,0.000e+00,0.000e+00,
growth_baseline[year=3],growth_baseline[year=3]=+3.5,output_shocked[year=1],B13,61.289855,61.289855,True,0.000e+00,0.000e+00,
growth_baseline[year=3],growth_baseline[year=3]=+3.5,output_shocked[year=2],C13,63.299457,63.299457,True,0.000e+00,0.000e+00,
growth_baseline[year=3],growth_baseline[year=3]=+3.5,output_shocked[year=3],D13,64.858557,64.858557,True,0.000e+00,0.000e+00,
growth_baseline[year=3],growth_baseline[year=3]=+3.5,output_shocked[year=4],E13,65.956059,65.956059,True,0.000e+00,0.000e+00,
growth_baseline[year=3],growth_baseline[year=3]=+3.5,output_shocked[year=5],F13,66.580592,66.580592,True,0.000e+00,0.000e+00,
growth_baseline[year=3],growth_baseline[year=3]=+3.5,output_delta[year=1],B14,0.000000,0.000000,True,0.000e+00,0.000e+00,
growth_baseline[year=3],growth_baseline[year=3]=+3.5,output_delta[year=2],C14,1.213516,1.213516,True,0.000e+00,0.000e+00,
growth_baseline[year=3],growth_baseline[year=3]=+3.5,output_delta[year=3],D14,2.472684,2.472684,True,0.000e+00,0.000e+00,
growth_baseline[year=3],growth_baseline[year=3]=+3.5,output_delta[year=4],E14,3.768804,3.768804,True,0.000e+00,0.000e+00,
growth_baseline[year=3],growth_baseline[year=3]=+3.5,output_delta[year=5],F14,5.092916,5.092916,True,0.000e+00,0.000e+00,
growth_baseline[year=3],growth_baseline[year=3]=+5.5,output_baseline[year=1],B12,61.289855,61.289855,True,0.000e+00,0.000e+00,
growth_baseline[year=3],growth_baseline[year=3]=+5.5,output_baseline[year=2],C12,62.085941,62.085941,True,0.000e+00,0.000e+00,
growth_baseline[year=3],growth_baseline[year=3]=+5.5,output_baseline[year=3],D12,61.203203,61.203203,True,0.000e+00,0.000e+00,
growth_baseline[year=3],growth_baseline[year=3]=+5.5,output_baseline[year=4],E12,60.998870,60.998870,True,0.000e+00,0.000e+00,
growth_baseline[year=3],growth_baseline[year=3]=+5.5,output_baseline[year=5],F12,60.293551,60.293551,True,0.000e+00,0.000e+00,
growth_baseline[year=3],growth_baseline[year=3]=+5.5,output_shocked[year=1],B13,61.289855,61.289855,True,0.000e+00,0.000e+00,
growth_baseline[year=3],growth_baseline[year=3]=+5.5,output_shocked[year=2],C13,63.299457,63.299457,True,0.000e+00,0.000e+00,
growth_baseline[year=3],growth_baseline[year=3]=+5.5,output_shocked[year=3],D13,63.605252,63.605252,True,0.000e+00,0.000e+00,
growth_baseline[year=3],growth_baseline[year=3]=+5.5,output_shocked[year=4],E13,64.671884,64.671884,True,0.000e+00,0.000e+00,
growth_baseline[year=3],growth_baseline[year=3]=+5.5,output_shocked[year=5],F13,65.264787,65.264787,True,0.000e+00,0.000e+00,
growth_baseline[year=3],growth_baseline[year=3]=+5.5,output_delta[year=1],B14,0.000000,0.000000,True,0.000e+00,0.000e+00,
growth_baseline[year=3],growth_baseline[year=3]=+5.5,output_delta[year=2],C14,1.213516,1.213516,True,0.000e+00,0.000e+00,
growth_baseline[year=3],growth_baseline[year=3]=+5.5,output_delta[year=3],D14,2.402049,2.402049,True,0.000e+00,0.000e+00,
growth_baseline[year=3],growth_baseline[year=3]=+5.5,output_delta[year=4],E14,3.673013,3.673013,True,0.000e+00,0.000e+00,
growth_baseline[year=3],growth_baseline[year=3]=+5.5,output_delta[year=5],F14,4.971236,4.971236,True,0.000e+00,0.000e+00,
growth_baseline[year=3],growth_baseline[year=3]=+7.0,output_baseline[year=1],B12,61.289855,61.289855,True,0.000e+00,0.000e+00,
growth_baseline[year=3],growth_baseline[year=3]=+7.0,output_baseline[year=2],C12,62.085941,62.085941,True,0.000e+00,0.000e+00,
growth_baseline[year=3],growth_baseline[year=3]=+7.0,output_baseline[year=3],D12,60.345214,60.345214,True,0.000e+00,0.000e+00,
growth_baseline[year=3],growth_baseline[year=3]=+7.0,output_baseline[year=4],E12,60.136737,60.136737,True,0.000e+00,0.000e+00,
growth_baseline[year=3],growth_baseline[year=3]=+7.0,output_baseline[year=5],F12,59.427252,59.427252,True,0.000e+00,0.000e+00,
growth_baseline[year=3],growth_baseline[year=3]=+7.0,output_shocked[year=1],B13,61.289855,61.289855,True,0.000e+00,0.000e+00,
growth_baseline[year=3],growth_baseline[year=3]=+7.0,output_shocked[year=2],C13,63.299457,63.299457,True,0.000e+00,0.000e+00,
growth_baseline[year=3],growth_baseline[year=3]=+7.0,output_shocked[year=3],D13,62.696605,62.696605,True,0.000e+00,0.000e+00,
growth_baseline[year=3],growth_baseline[year=3]=+7.0,output_shocked[year=4],E13,63.740857,63.740857,True,0.000e+00,0.000e+00,
growth_baseline[year=3],growth_baseline[year=3]=+7.0,output_shocked[year=5],F13,64.310829,64.310829,True,0.000e+00,0.000e+00,
growth_baseline[year=3],growth_baseline[year=3]=+7.0,output_delta[year=1],B14,0.000000,0.000000,True,0.000e+00,0.000e+00,
growth_baseline[year=3],growth_baseline[year=3]=+7.0,output_delta[year=2],C14,1.213516,1.213516,True,0.000e+00,0.000e+00,
growth_baseline[year=3],growth_baseline[year=3]=+7.0,output_delta[year=3],D14,2.351391,2.351391,True,0.000e+00,0.000e+00,
growth_baseline[year=3],growth_baseline[year=3]=+7.0,output_delta[year=4],E14,3.604120,3.604120,True,0.000e+00,0.000e+00,
growth_baseline[year=3],growth_baseline[year=3]=+7.0,output_delta[year=5],F14,4.883576,4.883576,True,0.000e+00,0.000e+00,
interest_baseline[year=3],interest_baseline[year=3]=+0.0,output_baseline[year=1],B12,61.289855,61.289855,True,0.000e+00,0.000e+00,
interest_baseline[year=3],interest_baseline[year=3]=+0.0,output_baseline[year=2],C12,62.085941,62.085941,True,0.000e+00,0.000e+00,
interest_baseline[year=3],interest_baseline[year=3]=+0.0,output_baseline[year=3],D12,59.986417,59.986417,True,0.000e+00,0.000e+00,
interest_baseline[year=3],interest_baseline[year=3]=+0.0,output_baseline[year=4],E12,59.776206,59.776206,True,0.000e+00,0.000e+00,
interest_baseline[year=3],interest_baseline[year=3]=+0.0,output_baseline[year=5],F12,59.064980,59.064980,True,0.000e+00,0.000e+00,
interest_baseline[year=3],interest_baseline[year=3]=+0.0,output_shocked[year=1],B13,61.289855,61.289855,True,0.000e+00,0.000e+00,
interest_baseline[year=3],interest_baseline[year=3]=+0.0,output_shocked[year=2],C13,63.299457,63.299457,True,0.000e+00,0.000e+00,
interest_baseline[year=3],interest_baseline[year=3]=+0.0,output_shocked[year=3],D13,62.363997,62.363997,True,0.000e+00,0.000e+00,
interest_baseline[year=3],interest_baseline[year=3]=+0.0,output_shocked[year=4],E13,63.400057,63.400057,True,0.000e+00,0.000e+00,
interest_baseline[year=3],interest_baseline[year=3]=+0.0,output_shocked[year=5],F13,63.961634,63.961634,True,0.000e+00,0.000e+00,
interest_baseline[year=3],interest_baseline[year=3]=+0.0,output_delta[year=1],B14,0.000000,0.000000,True,0.000e+00,0.000e+00,
interest_baseline[year=3],interest_baseline[year=3]=+0.0,output_delta[year=2],C14,1.213516,1.213516,True,0.000e+00,0.000e+00,
interest_baseline[year=3],interest_baseline[year=3]=+0.0,output_delta[year=3],D14,2.377581,2.377581,True,0.000e+00,0.000e+00,
interest_baseline[year=3],interest_baseline[year=3]=+0.0,output_delta[year=4],E14,3.623850,3.623850,True,0.000e+00,0.000e+00,
interest_baseline[year=3],interest_baseline[year=3]=+0.0,output_delta[year=5],F14,4.896654,4.896654,True,0.000e+00,0.000e+00,
interest_baseline[year=3],interest_baseline[year=3]=+2.0,output_baseline[year=1],B12,61.289855,61.289855,True,0.000e+00,0.000e+00,
interest_baseline[year=3],interest_baseline[year=3]=+2.0,output_baseline[year=2],C12,62.085941,62.085941,True,0.000e+00,0.000e+00,
interest_baseline[year=3],interest_baseline[year=3]=+2.0,output_baseline[year=3],D12,61.186145,61.186145,True,0.000e+00,0.000e+00,
interest_baseline[year=3],interest_baseline[year=3]=+2.0,output_baseline[year=4],E12,60.981730,60.981730,True,0.000e+00,0.000e+00,
interest_baseline[year=3],interest_baseline[year=3]=+2.0,output_baseline[year=5],F12,60.276328,60.276328,True,0.000e+00,0.000e+00,
interest_baseline[year=3],interest_baseline[year=3]=+2.0,output_shocked[year=1],B13,61.289855,61.289855,True,0.000e+00,0.000e+00,
interest_baseline[year=3],interest_baseline[year=3]=+2.0,output_shocked[year=2],C13,63.299457,63.299457,True,0.000e+00,0.000e+00,
interest_baseline[year=3],interest_baseline[year=3]=+2.0,output_shocked[year=3],D13,63.611277,63.611277,True,0.000e+00,0.000e+00,
interest_baseline[year=3],interest_baseline[year=3]=+2.0,output_shocked[year=4],E13,64.678058,64.678058,True,0.000e+00,0.000e+00,
interest_baseline[year=3],interest_baseline[year=3]=+2.0,output_shocked[year=5],F13,65.271113,65.271113,True,0.000e+00,0.000e+00,
interest_baseline[year=3],interest_baseline[year=3]=+2.0,output_delta[year=1],B14,0.000000,0.000000,True,0.000e+00,0.000e+00,
interest_baseline[year=3],interest_baseline[year=3]=+2.0,output_delta[year=2],C14,1.213516,1.213516,True,0.000e+00,0.000e+00,
interest_baseline[year=3],interest_baseline[year=3]=+2.0,output_delta[year=3],D14,2.425132,2.425132,True,0.000e+00,0.000e+00,
interest_baseline[year=3],interest_baseline[year=3]=+2.0,output_delta[year=4],E14,3.696327,3.696327,True,0.000e+00,0.000e+00,
interest_baseline[year=3],interest_baseline[year=3]=+2.0,output_delta[year=5],F14,4.994785,4.994785,True,0.000e+00,0.000e+00,
interest_baseline[year=3],interest_baseline[year=3]=+4.0,output_baseline[year=1],B12,61.289855,61.289855,True,0.000e+00,0.000e+00,
interest_baseline[year=3],interest_baseline[year=3]=+4.0,output_baseline[year=2],C12,62.085941,62.085941,True,0.000e+00,0.000e+00,
interest_baseline[year=3],interest_baseline[year=3]=+4.0,output_baseline[year=3],D12,62.385873,62.385873,True,0.000e+00,0.000e+00,
interest_baseline[year=3],interest_baseline[year=3]=+4.0,output_baseline[year=4],E12,62.187254,62.187254,True,0.000e+00,0.000e+00,
interest_baseline[year=3],interest_baseline[year=3]=+4.0,output_baseline[year=5],F12,61.487676,61.487676,True,0.000e+00,0.000e+00,
interest_baseline[year=3],interest_baseline[year=3]=+4.0,output_shocked[year=1],B13,61.289855,61.289855,True,0.000e+00,0.000e+00,
interest_baseline[year=3],interest_baseline[year=3]=+4.0,output_shocked[year=2],C13,63.299457,63.299457,True,0.000e+00,0.000e+00,
interest_baseline[year=3],interest_baseline[year=3]=+4.0,output_shocked[year=3],D13,64.858557,64.858557,True,0.000e+00,0.000e+00,
interest_baseline[year=3],interest_baseline[year=3]=+4.0,output_shocked[year=4],E13,65.956059,65.956059,True,0.000e+00,0.000e+00,
interest_baseline[year=3],interest_baseline[year=3]=+4.0,output_shocked[year=5],F13,66.580592,66.580592,True,0.000e+00,0.000e+00,
interest_baseline[year=3],interest_baseline[year=3]=+4.0,output_delta[year=1],B14,0.000000,0.000000,True,0.000e+00,0.000e+00,
interest_baseline[year=3],interest_baseline[year=3]=+4.0,output_delta[year=2],C14,1.213516,1.213516,True,0.000e+00,0.000e+00,
interest_baseline[year=3],interest_baseline[year=3]=+4.0,output_delta[year=3],D14,2.472684,2.472684,True,0.000e+00,0.000e+00,
interest_baseline[year=3],interest_baseline[year=3]=+4.0,output_delta[year=4],E14,3.768804,3.768804,True,0.000e+00,0.000e+00,
interest_baseline[year=3],interest_baseline[year=3]=+4.0,output_delta[year=5],F14,5.092916,5.092916,True,0.000e+00,0.000e+00,
interest_baseline[year=3],interest_baseline[year=3]=+6.0,output_baseline[year=1],B12,61.289855,61.289855,True,0.000e+00,0.000e+00,
interest_baseline[year=3],interest_baseline[year=3]=+6.0,output_baseline[year=2],C12,62.085941,62.085941,True,0.000e+00,0.000e+00,
interest_baseline[year=3],interest_baseline[year=3]=+6.0,output_baseline[year=3],D12,63.585602,63.585602,True,0.000e+00,0.000e+00,
interest_baseline[year=3],interest_baseline[year=3]=+6.0,output_baseline[year=4],E12,63.392779,63.392779,True,0.000e+00,0.000e+00,
interest_baseline[year=3],interest_baseline[year=3]=+6.0,output_baseline[year=5],F12,62.699024,62.699024,True,0.000e+00,0.000e+00,
interest_baseline[year=3],interest_baseline[year=3]=+6.0,output_shocked[year=1],B13,61.289855,61.289855,True,0.000e+00,0.000e+00,
interest_baseline[year=3],interest_baseline[year=3]=+6.0,output_shocked[year=2],C13,63.299457,63.299457,True,0.000e+00,0.000e+00,
interest_baseline[year=3],interest_baseline[year=3]=+6.0,output_shocked[year=3],D13,66.105837,66.105837,True,0.000e+00,0.000e+00,
interest_baseline[year=3],interest_baseline[year=3]=+6.0,output_shocked[year=4],E13,67.234060,67.234060,True,0.000e+00,0.000e+00,
interest_baseline[year=3],interest_baseline[year=3]=+6.0,output_shocked[year=5],F13,67.890071,67.890071,True,0.000e+00,0.000e+00,
interest_baseline[year=3],interest_baseline[year=3]=+6.0,output_delta[year=1],B14,0.000000,0.000000,True,0.000e+00,0.000e+00,
interest_baseline[year=3],interest_baseline[year=3]=+6.0,output_delta[year=2],C14,1.213516,1.213516,True,0.000e+00,0.000e+00,
interest_baseline[year=3],interest_baseline[year=3]=+6.0,output_delta[year=3],D14,2.520236,2.520236,True,0.000e+00,0.000e+00,
interest_baseline[year=3],interest_baseline[year=3]=+6.0,output_delta[year=4],E14,3.841281,3.841281,True,0.000e+00,0.000e+00,
interest_baseline[year=3],interest_baseline[year=3]=+6.0,output_delta[year=5],F14,5.191047,5.191047,True,0.000e+00,0.000e+00,
interest_baseline[year=3],interest_baseline[year=3]=+8.0,output_baseline[year=1],B12,61.289855,61.289855,True,0.000e+00,0.000e+00,
interest_baseline[year=3],interest_baseline[year=3]=+8.0,output_baseline[year=2],C12,62.085941,62.085941,True,0.000e+00,0.000e+00,
interest_baseline[year=3],interest_baseline[year=3]=+8.0,output_baseline[year=3],D12,64.785330,64.785330,True,0.000e+00,0.000e+00,
interest_baseline[year=3],interest_baseline[year=3]=+8.0,output_baseline[year=4],E12,64.598303,64.598303,True,0.000e+00,0.000e+00,
interest_baseline[year=3],interest_baseline[year=3]=+8.0,output_baseline[year=5],F12,63.910372,63.910372,True,0.000e+00,0.000e+00,
interest_baseline[year=3],interest_baseline[year=3]=+8.0,output_shocked[year=1],B13,61.289855,61.289855,True,0.000e+00,0.000e+00,
interest_baseline[year=3],interest_baseline[year=3]=+8.0,output_shocked[year=2],C13,63.299457,63.299457,True,0.000e+00,0.000e+00,
interest_baseline[year=3],interest_baseline[year=3]=+8.0,output_shocked[year=3],D13,67.353117,67.353117,True,0.000e+00,0.000e+00,
interest_baseline[year=3],interest_baseline[year=3]=+8.0,output_shocked[year=4],E13,68.512061,68.512061,True,0.000e+00,0.000e+00,
interest_baseline[year=3],interest_baseline[year=3]=+8.0,output_shocked[year=5],F13,69.199550,69.199550,True,0.000e+00,0.000e+00,
interest_baseline[year=3],interest_baseline[year=3]=+8.0,output_delta[year=1],B14,0.000000,0.000000,True,0.000e+00,0.000e+00,
interest_baseline[year=3],interest_baseline[year=3]=+8.0,output_delta[year=2],C14,1.213516,1.213516,True,0.000e+00,0.000e+00,
interest_baseline[year=3],interest_baseline[year=3]=+8.0,output_delta[year=3],D14,2.567787,2.567787,True,0.000e+00,0.000e+00,
interest_baseline[year=3],interest_baseline[year=3]=+8.0,output_delta[year=4],E14,3.913758,3.913758,True,0.000e+00,0.000e+00,
interest_baseline[year=3],interest_baseline[year=3]=+8.0,output_delta[year=5],F14,5.289178,5.289178,True,0.000e+00,0.000e+00,
primary_balance_baseline[year=3],primary_balance_baseline[year=3]=-3.0,output_baseline[year=1],B12,61.289855,61.289855,True,0.000e+00,0.000e+00,
primary_balance_baseline[year=3],primary_balance_baseline[year=3]=-3.0,output_baseline[year=2],C12,62.085941,62.085941,True,0.000e+00,0.000e+00,
primary_balance_baseline[year=3],primary_balance_baseline[year=3]=-3.0,output_baseline[year=3],D12,65.385873,65.385873,True,0.000e+00,0.000e+00,
primary_balance_baseline[year=3],primary_balance_baseline[year=3]=-3.0,output_baseline[year=4],E12,65.201747,65.201747,True,0.000e+00,0.000e+00,
primary_balance_baseline[year=3],primary_balance_baseline[year=3]=-3.0,output_baseline[year=5],F12,64.516731,64.516731,True,0.000e+00,0.000e+00,
primary_balance_baseline[year=3],primary_balance_baseline[year=3]=-3.0,output_shocked[year=1],B13,61.289855,61.289855,True,0.000e+00,0.000e+00,
primary_balance_baseline[year=3],primary_balance_baseline[year=3]=-3.0,output_shocked[year=2],C13,63.299457,63.299457,True,0.000e+00,0.000e+00,
primary_balance_baseline[year=3],primary_balance_baseline[year=3]=-3.0,output_shocked[year=3],D13,67.858557,67.858557,True,0.000e+00,0.000e+00,
primary_balance_baseline[year=3],primary_balance_baseline[year=3]=-3.0,output_shocked[year=4],E13,69.029950,69.029950,True,0.000e+00,0.000e+00,
primary_balance_baseline[year=3],primary_balance_baseline[year=3]=-3.0,output_shocked[year=5],F13,69.730195,69.730195,True,0.000e+00,0.000e+00,
primary_balance_baseline[year=3],primary_balance_baseline[year=3]=-3.0,output_delta[year=1],B14,0.000000,0.000000,True,0.000e+00,0.000e+00,
primary_balance_baseline[year=3],primary_balance_baseline[year=3]=-3.0,output_delta[year=2],C14,1.213516,1.213516,True,0.000e+00,0.000e+00,
primary_balance_baseline[year=3],primary_balance_baseline[year=3]=-3.0,output_delta[year=3],D14,2.472684,2.472684,True,0.000e+00,0.000e+00,
primary_balance_baseline[year=3],primary_balance_baseline[year=3]=-3.0,output_delta[year=4],E14,3.828203,3.828203,True,0.000e+00,0.000e+00,
primary_balance_baseline[year=3],primary_balance_baseline[year=3]=-3.0,output_delta[year=5],F14,5.213464,5.213464,True,0.000e+00,0.000e+00,
primary_balance_baseline[year=3],primary_balance_baseline[year=3]=-1.5,output_baseline[year=1],B12,61.289855,61.289855,True,0.000e+00,0.000e+00,
primary_balance_baseline[year=3],primary_balance_baseline[year=3]=-1.5,output_baseline[year=2],C12,62.085941,62.085941,True,0.000e+00,0.000e+00,
primary_balance_baseline[year=3],primary_balance_baseline[year=3]=-1.5,output_baseline[year=3],D12,63.885873,63.885873,True,0.000e+00,0.000e+00,
primary_balance_baseline[year=3],primary_balance_baseline[year=3]=-1.5,output_baseline[year=4],E12,63.694501,63.694501,True,0.000e+00,0.000e+00,
primary_balance_baseline[year=3],primary_balance_baseline[year=3]=-1.5,output_baseline[year=5],F12,63.002204,63.002204,True,0.000e+00,0.000e+00,
primary_balance_baseline[year=3],primary_balance_baseline[year=3]=-1.5,output_shocked[year=1],B13,61.289855,61.289855,True,0.000e+00,0.000e+00,
primary_balance_baseline[year=3],primary_balance_baseline[year=3]=-1.5,output_shocked[year=2],C13,63.299457,63.299457,True,0.000e+00,0.000e+00,
primary_balance_baseline[year=3],primary_balance_baseline[year=3]=-1.5,output_shocked[year=3],D13,66.358557,66.358557,True,0.000e+00,0.000e+00,
primary_balance_baseline[year=3],primary_balance_baseline[year=3]=-1.5,output_shocked[year=4],E13,67.493005,67.493005,True,0.000e+00,0.000e+00,
primary_balance_baseline[year=3],primary_balance_baseline[year=3]=-1.5,output_shocked[year=5],F13,68.155394,68.155394,True,0.000e+00,0.000e+00,
primary_balance_baseline[year=3],primary_balance_baseline[year=3]=-1.5,output_delta[year=1],B14,0.000000,0.000000,True,0.000e+00,0.000e+00,
primary_balance_baseline[year=3],primary_balance_baseline[year=3]=-1.5,output_delta[year=2],C14,1.213516,1.213516,True,0.000e+00,0.000e+00,
primary_balance_baseline[year=3],primary_balance_baseline[year=3]=-1.5,output_delta[year=3],D14,2.472684,2.472684,True,0.000e+00,0.000e+00,
primary_balance_baseline[year=3],primary_balance_baseline[year=3]=-1.5,output_delta[year=4],E14,3.798504,3.798504,True,0.000e+00,0.000e+00,
primary_balance_baseline[year=3],primary_balance_baseline[year=3]=-1.5,output_delta[year=5],F14,5.153190,5.153190,True,0.000e+00,0.000e+00,
primary_balance_baseline[year=3],primary_balance_baseline[year=3]=+0.0,output_baseline[year=1],B12,61.289855,61.289855,True,0.000e+00,0.000e+00,
primary_balance_baseline[year=3],primary_balance_baseline[year=3]=+0.0,output_baseline[year=2],C12,62.085941,62.085941,True,0.000e+00,0.000e+00,
primary_balance_baseline[year=3],primary_balance_baseline[year=3]=+0.0,output_baseline[year=3],D12,62.385873,62.385873,True,0.000e+00,0.000e+00,
primary_balance_baseline[year=3],primary_balance_baseline[year=3]=+0.0,output_baseline[year=4],E12,62.187254,62.187254,True,0.000e+00,0.000e+00,
primary_balance_baseline[year=3],primary_balance_baseline[year=3]=+0.0,output_baseline[year=5],F12,61.487676,61.487676,True,0.000e+00,0.000e+00,
primary_balance_baseline[year=3],primary_balance_baseline[year=3]=+0.0,output_shocked[year=1],B13,61.289855,61.289855,True,0.000e+00,0.000e+00,
primary_balance_baseline[year=3],primary_balance_baseline[year=3]=+0.0,output_shocked[year=2],C13,63.299457,63.299457,True,0.000e+00,0.000e+00,
primary_balance_baseline[year=3],primary_balance_baseline[year=3]=+0.0,output_shocked[year=3],D13,64.858557,64.858557,True,0.000e+00,0.000e+00,
primary_balance_baseline[year=3],primary_balance_baseline[year=3]=+0.0,output_shocked[year=4],E13,65.956059,65.956059,True,0.000e+00,0.000e+00,
primary_balance_baseline[year=3],primary_balance_baseline[year=3]=+0.0,output_shocked[year=5],F13,66.580592,66.580592,True,0.000e+00,0.000e+00,
primary_balance_baseline[year=3],primary_balance_baseline[year=3]=+0.0,output_delta[year=1],B14,0.000000,0.000000,True,0.000e+00,0.000e+00,
primary_balance_baseline[year=3],primary_balance_baseline[year=3]=+0.0,output_delta[year=2],C14,1.213516,1.213516,True,0.000e+00,0.000e+00,
primary_balance_baseline[year=3],primary_balance_baseline[year=3]=+0.0,output_delta[year=3],D14,2.472684,2.472684,True,0.000e+00,0.000e+00,
primary_balance_baseline[year=3],primary_balance_baseline[year=3]=+0.0,output_delta[year=4],E14,3.768804,3.768804,True,0.000e+00,0.000e+00,
primary_balance_baseline[year=3],primary_balance_baseline[year=3]=+0.0,output_delta[year=5],F14,5.092916,5.092916,True,0.000e+00,0.000e+00,
primary_balance_baseline[year=3],primary_balance_baseline[year=3]=+1.5,output_baseline[year=1],B12,61.289855,61.289855,True,0.000e+00,0.000e+00,
primary_balance_baseline[year=3],primary_balance_baseline[year=3]=+1.5,output_baseline[year=2],C12,62.085941,62.085941,True,0.000e+00,0.000e+00,
primary_balance_baseline[year=3],primary_balance_baseline[year=3]=+1.5,output_baseline[year=3],D12,60.885873,60.885873,True,0.000e+00,0.000e+00,
primary_balance_baseline[year=3],primary_balance_baseline[year=3]=+1.5,output_baseline[year=4],E12,60.680008,60.680008,True,0.000e+00,0.000e+00,
primary_balance_baseline[year=3],primary_balance_baseline[year=3]=+1.5,output_baseline[year=5],F12,59.973148,59.973148,True,0.000e+00,0.000e+00,
primary_balance_baseline[year=3],primary_balance_baseline[year=3]=+1.5,output_shocked[year=1],B13,61.289855,61.289855,True,0.000e+00,0.000e+00,
primary_balance_baseline[year=3],primary_balance_baseline[year=3]=+1.5,output_shocked[year=2],C13,63.299457,63.299457,True,0.000e+00,0.000e+00,
primary_balance_baseline[year=3],primary_balance_baseline[year=3]=+1.5,output_shocked[year=3],D13,63.358557,63.358557,True,0.000e+00,0.000e+00,
primary_balance_baseline[year=3],primary_balance_baseline[year=3]=+1.5,output_shocked[year=4],E13,64.419113,64.419113,True,0.000e+00,0.000e+00,
primary_balance_baseline[year=3],primary_balance_baseline[year=3]=+1.5,output_shocked[year=5],F13,65.005791,65.005791,True,0.000e+00,0.000e+00,
primary_balance_baseline[year=3],primary_balance_baseline[year=3]=+1.5,output_delta[year=1],B14,0.000000,0.000000,True,0.000e+00,0.000e+00,
primary_balance_baseline[year=3],primary_balance_baseline[year=3]=+1.5,output_delta[year=2],C14,1.213516,1.213516,True,0.000e+00,0.000e+00,
primary_balance_baseline[year=3],primary_balance_baseline[year=3]=+1.5,output_delta[year=3],D14,2.472684,2.472684,True,0.000e+00,0.000e+00,
primary_balance_baseline[year=3],primary_balance_baseline[year=3]=+1.5,output_delta[year=4],E14,3.739105,3.739105,True,0.000e+00,0.000e+00,
primary_balance_baseline[year=3],primary_balance_baseline[year=3]=+1.5,output_delta[year=5],F14,5.032642,5.032642,True,0.000e+00,0.000e+00,
primary_balance_baseline[year=3],primary_balance_baseline[year=3]=+3.0,output_baseline[year=1],B12,61.289855,61.289855,True,0.000e+00,0.000e+00,
primary_balance_baseline[year=3],primary_balance_baseline[year=3]=+3.0,output_baseline[year=2],C12,62.085941,62.085941,True,0.000e+00,0.000e+00,
primary_balance_baseline[year=3],primary_balance_baseline[year=3]=+3.0,output_baseline[year=3],D12,59.385873,59.385873,True,0.000e+00,0.000e+00,
primary_balance_baseline[year=3],primary_balance_baseline[year=3]=+3.0,output_baseline[year=4],E12,59.172762,59.172762,True,0.000e+00,0.000e+00,
primary_balance_baseline[year=3],primary_balance_baseline[year=3]=+3.0,output_baseline[year=5],F12,58.458620,58.458620,True,0.000e+00,0.000e+00,
primary_balance_baseline[year=3],primary_balance_baseline[year=3]=+3.0,output_shocked[year=1],B13,61.289855,61.289855,True,0.000e+00,0.000e+00,
primary_balance_baseline[year=3],primary_balance_baseline[year=3]=+3.0,output_shocked[year=2],C13,63.299457,63.299457,True,0.000e+00,0.000e+00,
primary_balance_baseline[year=3],primary_balance_baseline[year=3]=+3.0,output_shocked[year=3],D13,61.858557,61.858557,True,0.000e+00,0.000e+00,
primary_balance_baseline[year=3],primary_balance_baseline[year=3]=+3.0,output_shocked[year=4],E13,62.882167,62.882167,True,0.000e+00,0.000e+00,
primary_balance_baseline[year=3],primary_balance_baseline[year=3]=+3.0,output_shocked[year=5],F13,63.430989,63.430989,True,0.000e+00,0.000e+00,
primary_balance_baseline[year=3],primary_balance_baseline[year=3]=+3.0,output_delta[year=1],B14,0.000000,0.000000,True,0.000e+00,0.000e+00,
primary_balance_baseline[year=3],primary_balance_baseline[year=3]=+3.0,output_delta[year=2],C14,1.213516,1.213516,True,0.000e+00,0.000e+00,
primary_balance_baseline[year=3],primary_balance_baseline[year=3]=+3.0,output_delta[year=3],D14,2.472684,2.472684,True,0.000e+00,0.000e+00,
primary_balance_baseline[year=3],primary_balance_baseline[year=3]=+3.0,output_delta[year=4],E14,3.709405,3.709405,True,0.000e+00,0.000e+00,
primary_balance_baseline[year=3],primary_balance_baseline[year=3]=+3.0,output_delta[year=5],F14,4.972369,4.972369,True,0.000e+00,0.000e+00,
